<?xml version="1.0" encoding="UTF-8"?>
<project version="4">
  <component name="ContentModelStore">
    <e p="C:\Users\micha\.nuget\packages\fsharp.core\5.0.2-beta.21102.10\contentFiles\any\netstandard2.0\FSharp.Core.xml" t="Include" />
    <e p="C:\Users\micha\AppData\Local\JetBrains\Rider2020.3\extResources" t="IncludeRecursive" />
    <e p="C:\Users\micha\AppData\Local\JetBrains\Rider2020.3\resharper-host\Local\Transient\Rider\v203\SolutionCaches\_Proj5.1287965297.00" t="ExcludeRecursive" />
    <e p="C:\Users\micha\RiderProjects\FsharpLib\FsharpLib" t="IncludeRecursive">
      <e p="bin" t="ExcludeRecursive" />
      <e p="FsharpLib.fsproj" t="IncludeRecursive" />
      <e p="HW5P2Lib.fs" t="Include" />
      <e p="obj" t="ExcludeRecursive" />
    </e>
    <e p="C:\Users\micha\RiderProjects\Proj5" t="IncludeFlat">
      <e p="packages" t="ExcludeRecursive" />
      <e p="Proj5.sln" t="IncludeFlat" />
      <e p="Project5" t="IncludeRecursive">
        <e p="bin" t="ExcludeRecursive" />
        <e p="Form1.cs" t="Include" />
        <e p="Form1.Designer.cs" t="Include" />
        <e p="Form1.resx" t="Include" />
        <e p="obj" t="ExcludeRecursive">
          <e p="Debug" t="Include">
            <e p="netcoreapp3.1-windows" t="Include">
              <e p="Project5.AssemblyInfo.cs" t="Include" />
            </e>
          </e>
        </e>
        <e p="Program.cs" t="Include" />
        <e p="Project5.csproj" t="IncludeRecursive" />
      </e>
    </e>
  </component>
</project>