<?xml version="1.0" encoding="UTF-8"?>
<project version="4">
  <component name="AutoGeneratedRunConfigurationManager">
    <projectFile>Proj5/Proj5.csproj</projectFile>
    <projectFile>../HW5P2Lib/HW5P2Lib/HW5P2Lib.fsproj</projectFile>
  </component>
  <component name="ChangeListManager">
    <list default="true" id="bb453697-7d60-474e-a622-000a0a8debe7" name="Default Changelist" comment="" />
    <option name="SHOW_DIALOG" value="false" />
    <option name="HIGHLIGHT_CONFLICTS" value="true" />
    <option name="HIGHLIGHT_NON_ACTIVE_CHANGELIST" value="false" />
    <option name="LAST_RESOLUTION" value="IGNORE" />
  </component>
  <component name="GitSEFilterConfiguration">
    <file-type-list>
      <filtered-out-file-type name="LOCAL_BRANCH" />
      <filtered-out-file-type name="REMOTE_BRANCH" />
      <filtered-out-file-type name="TAG" />
      <filtered-out-file-type name="COMMIT_BY_MESSAGE" />
    </file-type-list>
  </component>
  <component name="HighlightingSettingsPerFile">
    <setting file="file://$PROJECT_DIR$/../HW5P2Lib/Proj5Lib/Program.fs" root0="FORCE_HIGHLIGHTING" />
    <setting file="file://$PROJECT_DIR$/Project5/Form1.Designer.cs" root0="FORCE_HIGHLIGHTING" />
    <setting file="file://$PROJECT_DIR$/Project5/Form1.cs" root0="FORCE_HIGHLIGHTING" />
    <setting file="file://$PROJECT_DIR$/Project5/Program.cs" root0="FORCE_HIGHLIGHTING" />
    <setting file="file://$APPLICATION_CONFIG_DIR$/resharper-host/SourcesCache/C870CA06-9021-47A9-A402-5993CEEFDC2D/1E0/ExceptionDispatchInfo.cs" root0="SKIP_HIGHLIGHTING" />
  </component>
  <component name="IdeDocumentHistory">
    <changedPaths>
      <option value="$PROJECT_DIR$/Proj5/Form1.Designer.cs" />
      <option value="$PROJECT_DIR$/Proj5/Form1.cs" />
      <option value="$PROJECT_DIR$/Project5/Program.cs" />
      <option value="$PROJECT_DIR$/../HW5P2Lib/Proj5Lib/Program.fs" />
      <option value="$PROJECT_DIR$/../FsharpLib/FsharpLib/HW5P2Lib.fs" />
      <option value="$PROJECT_DIR$/Project5/Form1.Designer.cs" />
      <option value="$PROJECT_DIR$/Project5/Form1.cs" />
    </changedPaths>
  </component>
  <component name="ProjectId" id="1rSyM598V2U5LhnINxoU51GxtC6" />
  <component name="ProjectViewState">
    <option name="hideEmptyMiddlePackages" value="true" />
    <option name="showLibraryContents" value="true" />
  </component>
  <component name="PropertiesComponent">
    <property name="DebuggerViewTab_PTCS_FirstProportionKey" value="0.16334991" />
    <property name="DebuggerViewTab_PTCS_LastProportionKey" value="0.0" />
    <property name="RunOnceActivity.OpenProjectViewOnStart" value="true" />
    <property name="RunOnceActivity.ShowReadmeOnStart" value="true" />
    <property name="WebServerToolWindowFactoryState" value="false" />
    <property name="vue.rearranger.settings.migration" value="true" />
  </component>
  <component name="RunManager" selected=".NET Project.Proj5">
    <configuration name="HW5P2Lib" type="DotNetProject" factoryName=".NET Project">
      <option name="EXE_PATH" value="" />
      <option name="PROGRAM_PARAMETERS" value="" />
      <option name="WORKING_DIRECTORY" value="" />
      <option name="PASS_PARENT_ENVS" value="1" />
      <option name="USE_EXTERNAL_CONSOLE" value="0" />
      <option name="USE_MONO" value="0" />
      <option name="RUNTIME_ARGUMENTS" value="" />
      <option name="PROJECT_PATH" value="$PROJECT_DIR$/../HW5P2Lib/Proj5Lib/Proj5Lib.fsproj" />
      <option name="PROJECT_EXE_PATH_TRACKING" value="1" />
      <option name="PROJECT_ARGUMENTS_TRACKING" value="1" />
      <option name="PROJECT_WORKING_DIRECTORY_TRACKING" value="1" />
      <option name="PROJECT_KIND" value="DotNetCore" />
      <option name="PROJECT_TFM" value="" />
      <method v="2">
        <option name="Build" />
      </method>
    </configuration>
    <configuration name="Proj5" type="DotNetProject" factoryName=".NET Project">
      <option name="EXE_PATH" value="" />
      <option name="PROGRAM_PARAMETERS" value="" />
      <option name="WORKING_DIRECTORY" value="" />
      <option name="PASS_PARENT_ENVS" value="1" />
      <option name="USE_EXTERNAL_CONSOLE" value="0" />
      <option name="USE_MONO" value="0" />
      <option name="RUNTIME_ARGUMENTS" value="" />
      <option name="PROJECT_PATH" value="$PROJECT_DIR$/Project5/Project5.csproj" />
      <option name="PROJECT_EXE_PATH_TRACKING" value="1" />
      <option name="PROJECT_ARGUMENTS_TRACKING" value="1" />
      <option name="PROJECT_WORKING_DIRECTORY_TRACKING" value="1" />
      <option name="PROJECT_KIND" value="DotNetCore" />
      <option name="PROJECT_TFM" value="" />
      <method v="2">
        <option name="Build" />
      </method>
    </configuration>
  </component>
  <component name="SpellCheckerSettings" RuntimeDictionaries="0" Folders="0" CustomDictionaries="0" DefaultDictionary="application-level" UseSingleDictionary="true" transferred="true" />
  <component name="TaskManager">
    <task active="true" id="Default" summary="Default task">
      <changelist id="bb453697-7d60-474e-a622-000a0a8debe7" name="Default Changelist" comment="" />
      <created>1618983735856</created>
      <option name="number" value="Default" />
      <option name="presentableId" value="Default" />
      <updated>1618983735856</updated>
      <workItem from="1618983744979" duration="4819000" />
      <workItem from="1619009168276" duration="9256000" />
      <workItem from="1619023244543" duration="950000" />
      <workItem from="1619024277908" duration="23840000" />
      <workItem from="1619248391904" duration="313000" />
      <workItem from="1619249234471" duration="231000" />
      <workItem from="1619379281319" duration="513000" />
      <workItem from="1619380301696" duration="8550000" />
    </task>
    <servers />
  </component>
  <component name="TypeScriptGeneratedFilesManager">
    <option name="version" value="3" />
  </component>
  <component name="UnityProjectConfiguration" hasMinimizedUI="false" />
  <component name="UnityUnitTestConfiguration" currentTestLauncher="NUnit" />
  <component name="VcsManagerConfiguration">
    <option name="CLEAR_INITIAL_COMMIT_MESSAGE" value="true" />
  </component>
</project>